{"1":{"A":1,"B":0,"C":21000000,"D":0.008,"E":0,"F":21000000,"G":0.03,"H":0,"I":21000000,"J":0.03,"K":0,"L":1000000,"M":0.0003,"N":0,"O":2000000,"P":0.00015,"Q":0,"R":3100000,"S":0.0001,"T":0,"U":9850000,"V":0.00003,"W":0,"X":15210000,"Y":0.00002,"Z":0,"AA":31920000,"AB":0.00001,"AC":0,"AD":40710000,"AE":0.00001,"AF":0,"AG":49280000,"AH":0.00001},"2":{"A":2,"B":21000001,"C":52500000,"D":0.005,"E":21000001,"F":52500000,"G":0.025,"H":21000001,"I":52500000,"J":0.004,"K":1000000,"L":2500000,"M":0.0001,"N":2000000,"O":5000000,"P":0.00005,"Q":3100000,"R":7750000,"S":0.00003,"T":9850000,"U":24625000,"V":0.00001,"W":15210000,"X":38025000,"Y":0.00001,"Z":31920000,"AA":79800000,"AB":0,"AC":40710000,"AD":101775000,"AE":0,"AF":49280000,"AG":123200000,"AH":0},"3":{"A":3,"B":52500001,"C":70000000,"D":0.0049,"E":52500001,"F":70000000,"G":0.02,"H":52500001,"I":70000000,"J":0.003,"K":2500000,"L":5000000,"M":0.00009,"N":5000000,"O":10000000,"P":0.00005,"Q":7750000,"R":15500000,"S":0.00003,"T":24625000,"U":49250000,"V":0.00001,"W":38025000,"X":76050000,"Y":0.00001,"Z":79800000,"AA":159600000,"AB":0,"AC":101775000,"AD":203550000,"AE":0,"AF":123200000,"AG":246400000,"AH":0},"4":{"A":4,"B":70000001,"C":105000000,"D":0.0048,"E":70000001,"F":105000000,"G":0.015,"H":70000001,"I":105000000,"J":0.002,"K":5000000,"L":10000000,"M":0.00009,"N":10000000,"O":20000000,"P":0.00004,"Q":15500000,"R":31000000,"S":0.00003,"T":49250000,"U":98500000,"V":0.00001,"W":76050000,"X":152100000,"Y":0.00001,"Z":159600000,"AA":319200000,"AB":0,"AC":203550000,"AD":407100000,"AE":0,"AF":246400000,"AG":492800000,"AH":0},"5":{"A":5,"B":105000001,"C":175000000,"D":0.0047,"E":105000001,"F":175000000,"G":0.01,"H":105000001,"I":175000000,"J":0.001,"K":10000000,"L":20000000,"M":0.00008,"N":20000000,"O":40000000,"P":0.00004,"Q":31000000,"R":62000000,"S":0.00003,"T":98500000,"U":197000000,"V":0.00001,"W":152100000,"X":304200000,"Y":0.00001,"Z":319200000,"AA":638400000,"AB":0,"AC":407100000,"AD":814200000,"AE":0,"AF":492800000,"AG":985600000,"AH":0},"6":{"A":6,"B":175000001,"C":245000000,"D":0.0046,"E":175000001,"F":245000000,"G":0.005,"H":175000001,"I":245000000,"J":0.0008,"K":20000000,"L":30000000,"M":0.00007,"N":40000000,"O":60000000,"P":0.00003,"Q":62000000,"R":93000000,"S":0.00002,"T":197000000,"U":295500000,"V":0.00001,"W":304200000,"X":456300000,"Y":0,"Z":638400000,"AA":957600000,"AB":0,"AC":814200000,"AD":1221300000,"AE":0,"AF":985600000,"AG":1478400000,"AH":0},"7":{"A":7,"B":245000001,"C":350000000,"D":0.0045,"E":245000001,"F":350000000,"G":0.004,"H":245000001,"I":350000000,"J":0.0006,"K":30000000,"L":40000000,"M":0.00006,"N":60000000,"O":80000000,"P":0.00003,"Q":93000000,"R":124000000,"S":0.00002,"T":295500000,"U":394000000,"V":0.00001,"W":456300000,"X":608400000,"Y":0,"Z":957600000,"AA":1276800000,"AB":0,"AC":1221300000,"AD":1628400000,"AE":0,"AF":1478400000,"AG":1971200000,"AH":0},"8":{"A":8,"B":350000001,"C":700000000,"D":0.0044,"E":350000001,"F":700000000,"G":0.003,"H":350000001,"I":700000000,"J":0.0004,"K":40000000,"L":50000000,"M":0.00006,"N":80000000,"O":100000000,"P":0.00003,"Q":124000000,"R":155000000,"S":0.00002,"T":394000000,"U":492500000,"V":0.00001,"W":608400000,"X":760500000,"Y":0,"Z":1276800000,"AA":1596000000,"AB":0,"AC":1628400000,"AD":2035500000,"AE":0,"AF":1971200000,"AG":2464000000,"AH":0},"9":{"A":9,"B":700000001,"C":1050000000,"D":0.0043,"E":700000001,"F":1050000000,"G":0.002,"H":700000001,"I":1050000000,"J":0.0002,"K":50000000,"L":60000000,"M":0.00005,"N":100000000,"O":120000000,"P":0.00002,"Q":155000000,"R":186000000,"S":0.00002,"T":492500000,"U":591000000,"V":0,"W":760500000,"X":912600000,"Y":0,"Z":1596000000,"AA":1915200000,"AB":0,"AC":2035500000,"AD":2442600000,"AE":0,"AF":2464000000,"AG":2956800000,"AH":9.6387987012987e-7},"10":{"A":10,"B":1050000001,"C":1400000000,"D":0.002,"E":1050000001,"F":1400000000,"G":0.001,"H":1050000001,"I":1400000000,"J":0.0001,"K":60000000,"L":70000000,"M":0.00004,"N":120000000,"O":140000000,"P":0.00002,"Q":186000000,"R":217000000,"S":0.00001,"T":591000000,"U":689500000,"V":0,"W":912600000,"X":1064700000,"Y":0,"Z":1915200000,"AA":2234400000,"AB":0,"AC":2442600000,"AD":2849700000,"AE":9.825595676737902e-7,"AF":2956800000,"AG":3449600000,"AH":8.116883116883117e-7},"11":{"A":11,"B":1400000001,"C":1750000000,"D":0.0015,"E":1400000001,"F":1750000000,"G":0.0005,"H":1400000001,"I":1750000000,"J":0.00008,"K":70000000,"L":99999999999999900000,"M":1e-9,"N":140000000,"O":99999999999999900000,"P":1e-9,"Q":217000000,"R":99999999999999900000,"S":1e-9,"T":689500000,"U":99999999999999900000,"V":1e-9,"W":1064700000,"X":99999999999999900000,"Y":1e-9,"Z":2234400000,"AA":99999999999999900000,"AB":1e-9,"AC":2849700000,"AD":99999999999999900000,"AE":1e-9,"AF":3449600000,"AG":99999999999999900000,"AH":1e-9},"12":{"A":12,"B":1750000001,"C":2100000000,"D":0.001,"E":1750000001,"F":2000000000,"G":0.0003,"H":1750000001,"I":2100000000,"J":0.00006},"13":{"A":13,"B":2100000001,"C":2450000000,"D":0.0005,"E":2000000001,"F":99999999999999900000,"G":0.00001,"H":2100000001,"I":2450000000,"J":0.00004},"14":{"A":14,"B":2450000001,"C":2800000000,"D":0.0003,"H":2450000001,"I":2800000000,"J":0.00002},"15":{"A":15,"B":2800000001,"C":3150000000,"D":0.0002,"H":2800000001,"I":3150000000,"J":0.00001},"16":{"A":16,"B":3150000001,"C":3500000000,"D":0.0001,"H":3150000001,"I":3500000000,"J":0.00001},"17":{"A":17,"B":3500000001,"C":99999999999999900000,"D":0.00001,"H":3500000001,"I":99999999999999900000,"J":0}}